{"EUR_USD":1.121151,
"EUR_EUR":1,
"EUR_JPY":124.56554,
"EUR_GBP":0.8511,
"EUR_CHF":1.140043,
"EUR_AUD":1.59686,
"EUR_CAD":1.506547
}